step	accuracy
0	0.3878368549224657
1	0.5687952244498826
2	0.7553777090469378
3	0.7809634868133637
4	0.8042217074164804
5	0.8422172206189604
6	0.821796655822898
7	0.8179911545766791
8	0.8381854876367192
9	0.8684168188746217
10	0.8457246579281581
11	0.8589542053845272
12	0.8459660424788653
13	0.8541248357717286
14	0.847819785426879
15	0.8849363107466688
16	0.8206466507822479
17	0.8761815649086215
18	0.8603219344533917
