{
    "accuracy": 0.8603219344533917,
    "loss": 0.1396780655466083,
    "step": 18
}
